Content ID,Content Type,Title,Language,Genre ID
1175942,movie,The Bad Guys 2,en,10751.0
911430,movie,F1,en,28.0
1234821,movie,Jurassic World Rebirth,en,878.0
64690,movie,Drive,en,18.0
575265,movie,Mission: Impossible - The Final Reckoning,en,28.0
110492,tv,Peacemaker,en,10759.0
110492,movie,,,
154887,tv,My Liberation Notes,ko,18.0
154887,movie,,,
232230,movie,Au loin des villages,fr,99.0
232230,tv,Lord of Mysteries,zh,16.0
1668,tv,Friends,en,35.0
1668,movie,,,
296951,movie,BoA: Super Live Bestg Hit,ja,
296951,tv,Brazzers Exxtra,en,
87108,movie,Few Options,en,80.0
87108,tv,Chernobyl,en,18.0
37680,tv,Suits,en,18.0
37680,movie,Shadows in Paradise,en,28.0
744653,movie,The Thursday Murder Club,en,35.0
1540604,movie,纪念中国人民抗日战争暨世界反法西斯战争胜利80周年大会,zh,99.0
1007734,movie,Nobody 2,en,28.0
238,movie,The Godfather,en,18.0
1312946,movie,The Map That Leads to You,en,10749.0
1231813,movie,자매의 스와핑,ko,10749.0
336203,movie,मसान,hi,18.0
153950,movie,Hard Hat Harry Race Cars and Monster Trucks,en,
339367,movie,हमारी अधूरी कहानी,hi,18.0
339367,anime,,,
1177634,movie,तुमसे न हो पाएगा,hi,35.0
271607,tv,The Fragrant Flower Blooms with Dignity,ja,16.0
795104,movie,రంగ్ దే,te,35.0
249767,tv,Do You Wanna Partner,hi,35.0
249767,movie,"Nem Gravata, Nem Honra",pt,99.0
217736,tv,Story of Things,ta,9648.0
217736,movie,,,
1153399,movie,கூலி,ta,28.0
39254,movie,Real Steel,en,28.0
1920,movie,Crime of Passion,en,18.0
79352,tv,Sacred Games,hi,18.0
138505,movie,Los demonios del Edén,es,99.0
138505,tv,Marvel Zombies,en,10765.0
110316,movie,The Darkest Light,en,18.0
945836,movie,ഓടും കുതിര ചാടും കുതിര,ml,18.0
1218925,movie,チェンソーマン レゼ篇,ja,16.0
96312,movie,Ronnie Coleman: Cost of Redemption,en,99.0
96312,anime,,,
1009723,movie,मिडिल क्लास लव,hi,35.0
1083637,movie,ಕಾಂತಾರ: ಅಧ್ಯಾಯ - ೧,kn,28.0
15512,movie,Monsters vs Aliens,en,16.0
585,movie,"Monsters, Inc.",en,16.0
1311031,movie,劇場版「鬼滅の刃」無限城編 第一章 猗窩座再来,ja,16.0
482600,movie,일본 엄마,ko,10749.0
1297181,movie,மதராஸி,ta,28.0
1404864,movie,इंस्पेक्टर ज़ेंडे,hi,35.0
153950,tv,Yeh Kaali Kaali Ankhein,hi,80.0
271607,movie,La Reunion,en,9648.0
79166,movie,,,
79166,anime,,,
62660,movie,Les Fous du stade,fr,35.0
1920,tv,Twin Peaks,en,18.0
79352,movie,வாமனன்,ta,18.0
110316,tv,Alice in Borderland,ja,9648.0
617126,movie,The Fantastic 4: First Steps,en,878.0
96312,tv,Cubicles,hi,35.0
58496,movie,Senna,en,99.0
9502,movie,Kung Fu Panda,en,16.0
79166,tv,Grand Blue Dreaming,ja,16.0
